"codeName","domainItem_name","domainItem_value","definition","dataType","allowNull","units","unitsResolution","isCaseSensitive","fieldWidth","missingValue","minValue","maxValue","domainId"
"Age","dataField","dataField","Age description of the captured bird","character varying","yes",,,"yes",,,,,"5321c42a-093c-40f8-a70d-ce5ca3d8bf4b"
"Age","L","L","Local (Nestling)",,,,,,,,,,"5321c42a-093c-40f8-a70d-ce5ca3d8bf4b"
"Age","HY","HY","Hatch Year",,,,,,,,,,"5321c42a-093c-40f8-a70d-ce5ca3d8bf4b"
"Age","AHY","AHY","After Hatch Year",,,,,,,,,,"5321c42a-093c-40f8-a70d-ce5ca3d8bf4b"
"Age","SY","SY","Second Year",,,,,,,,,,"5321c42a-093c-40f8-a70d-ce5ca3d8bf4b"
"Age","ASY","ASY","After Second Year",,,,,,,,,,"5321c42a-093c-40f8-a70d-ce5ca3d8bf4b"
"Age","TY","TY","Third Year",,,,,,,,,,"5321c42a-093c-40f8-a70d-ce5ca3d8bf4b"
"Age","ATY","ATY","After Third Year",,,,,,,,,,"5321c42a-093c-40f8-a70d-ce5ca3d8bf4b"
"Age","U","U","Unknown",,,,,,,,,,"5321c42a-093c-40f8-a70d-ce5ca3d8bf4b"
"Age","L","L","Local (Nestling)",,,,,,,,,,"5321c42a-093c-40f8-a70d-ce5ca3d8bf4b"
"Area","dataField","dataField","Area of capture location; more specific than state or province, though not a city or town","character varying","yes",,,"yes",,,,,"9bef4b92-d8b3-4fff-a7f9-58e5d354b0e9"
"Area","JBER","JBER","Joint-Base Elmendorf Richardson Air Force Base, Anchorage, Alaska",,,,,,,,,,"9bef4b92-d8b3-4fff-a7f9-58e5d354b0e9"
"Area","Eielson","Eielson","Eielson Air Force Base, Alaska",,,,,,,,,,"9bef4b92-d8b3-4fff-a7f9-58e5d354b0e9"
"Area","Grays Harbor","Grays Harbor","Grays Harbor, Washington",,,,,,,,,,"9bef4b92-d8b3-4fff-a7f9-58e5d354b0e9"
"Area","James Bay","James Bay","James Bay, Canada",,,,,,,,,,"9bef4b92-d8b3-4fff-a7f9-58e5d354b0e9"
"Area","Kanuti NWR","Kanuti NWR","Kanuti National Wildlife Refuge, Alaska",,,,,,,,,,"9bef4b92-d8b3-4fff-a7f9-58e5d354b0e9"
"Area","Mingan","Mingan","Mingan, Quebec, Canada",,,,,,,,,,"9bef4b92-d8b3-4fff-a7f9-58e5d354b0e9"
"Area","Cape Krusenstern","Cape Krusenstern","Cape Krusenstern, Alaska",,,,,,,,,,"9bef4b92-d8b3-4fff-a7f9-58e5d354b0e9"
"Area","Kakagrak Hills","Kakagrak Hills","Kakagrak Hills, Alaska",,,,,,,,,,"9bef4b92-d8b3-4fff-a7f9-58e5d354b0e9"
"Area","Yukon Flats NWR","Yukon Flats NWR","Yukon Flats National Wildlife Refuge, Alaska",,,,,,,,,,"9bef4b92-d8b3-4fff-a7f9-58e5d354b0e9"
"Area","Fort Wainwright","Fort Wainwright","Fort Wainwright Army Base, Fairbanks, Alaska",,,,,,,,,,"9bef4b92-d8b3-4fff-a7f9-58e5d354b0e9"
"Area","Eareckson","Eareckson","Eareckson Air Station, Shemya Island, Alaska",,,,,,,,,,"9bef4b92-d8b3-4fff-a7f9-58e5d354b0e9"
"Area","JBER","JBER","Joint-Base Elmendorf Richardson Air Force Base, Anchorage, Alaska",,,,,,,,,,"9bef4b92-d8b3-4fff-a7f9-58e5d354b0e9"
"BanderID","dataField","dataField","Code of the bander, or bird handler for recaptures; often first initial, middle initial, and last name","character varying","yes",,,"yes",,,,,
"BandNumberIn","dataField","dataField","The 9-digit number on the federal metal band attached to the bird when captured","integer","yes",,,,,,,,
"BandNumberOut","dataField","dataField","The 9-digit number on the federal metal band attached to the bird when released","integer","yes",,,,,,,,
"BandSize","dataField","dataField","The BBL Size code describing the size of the federal metal band attached to the captured bird","character varying","yes",,,"yes",,,,,
"BBLCondition","dataField","dataField","The BBL Condition code describing the condition of the captured bird and the federal metal band","integer","yes",,,,,,,,"7e81939a-1e84-4a58-8755-e3c68e26be1f"
"BBLCondition","2","2","Unknown condition of the bird; Band removed",,,,,,,,,,"7e81939a-1e84-4a58-8755-e3c68e26be1f"
"BBLCondition","3","3","Dead; Unknown if band was removed",,,,,,,,,,"7e81939a-1e84-4a58-8755-e3c68e26be1f"
"BBLCondition","4","4","Dead; Band left on bird",,,,,,,,,,"7e81939a-1e84-4a58-8755-e3c68e26be1f"
"BBLCondition","5","5","Dead; Band removed",,,,,,,,,,"7e81939a-1e84-4a58-8755-e3c68e26be1f"
"BBLCondition","6","6","Alive - Released; Unknown if band was removed",,,,,,,,,,"7e81939a-1e84-4a58-8755-e3c68e26be1f"
"BBLCondition","7","7","Alive - Released; Band left on bird",,,,,,,,,,"7e81939a-1e84-4a58-8755-e3c68e26be1f"
"BBLCondition","8","8","Alive – Released; Band removed",,,,,,,,,,"7e81939a-1e84-4a58-8755-e3c68e26be1f"
"BBLCondition","9","9","Alive - In captivity; Unknown if band was removed",,,,,,,,,,"7e81939a-1e84-4a58-8755-e3c68e26be1f"
"BBLCondition","10","10","Alive - In captivity; Band left on bird",,,,,,,,,,"7e81939a-1e84-4a58-8755-e3c68e26be1f"
"BBLCondition","11","11","Alive - In captivity; Band removed",,,,,,,,,,"7e81939a-1e84-4a58-8755-e3c68e26be1f"
"BBLCondition","2","2","Unknown condition of the bird; Band removed",,,,,,,,,,"7e81939a-1e84-4a58-8755-e3c68e26be1f"
"BBLDisposition","dataField","dataField","The BBL Disposition code describing the disposition of the federal metal band attached to the captured bird","character","yes",,,"yes",,,,,"77d364b4-21d1-42b3-930c-9c14dcbdf618"
"BBLDisposition","1","1","New Band",,,,,,,,,,"77d364b4-21d1-42b3-930c-9c14dcbdf618"
"BBLDisposition","4","4","Destroyed Band",,,,,,,,,,"77d364b4-21d1-42b3-930c-9c14dcbdf618"
"BBLDisposition","5","5","Replacement Band",,,,,,,,,,"77d364b4-21d1-42b3-930c-9c14dcbdf618"
"BBLDisposition","6","6","Added Band",,,,,,,,,,"77d364b4-21d1-42b3-930c-9c14dcbdf618"
"BBLDisposition","8","8","Band Lost",,,,,,,,,,"77d364b4-21d1-42b3-930c-9c14dcbdf618"
"BBLDisposition","9","9","Record Lost",,,,,,,,,,"77d364b4-21d1-42b3-930c-9c14dcbdf618"
"BBLDisposition","F","F","Foreign Recapture",,,,,,,,,,"77d364b4-21d1-42b3-930c-9c14dcbdf618"
"BBLDisposition","R","R","Recapture",,,,,,,,,,"77d364b4-21d1-42b3-930c-9c14dcbdf618"
"BBLDisposition","D","D","Double Band 1st",,,,,,,,,,"77d364b4-21d1-42b3-930c-9c14dcbdf618"
"BBLDisposition","S","S","Double Band 2nd",,,,,,,,,,"77d364b4-21d1-42b3-930c-9c14dcbdf618"
"BBLDisposition","X","X","Banding Mortality",,,,,,,,,,"77d364b4-21d1-42b3-930c-9c14dcbdf618"
"BBLDisposition","1","1","New Band",,,,,,,,,,"77d364b4-21d1-42b3-930c-9c14dcbdf618"
"BBLStatus","dataField","dataField","The BBL Status code describing the status of the captured bird and what was done before it was released","character varying","yes",,,,,,,,"0f164fec-9d63-4fe6-81d4-993026197e8f"
"BBLStatus","3--","3--","Normal wild bird, Banding or trapping mortality",,,,,,,,,,"0f164fec-9d63-4fe6-81d4-993026197e8f"
"BBLStatus","5--","5--","Sick, Exhausted, Over-stressed, Injured, or with a Physical Deformity",,,,,,,,,,"0f164fec-9d63-4fe6-81d4-993026197e8f"
"BBLStatus","300","300","Normal wild bird, Federal numbered metal band only.",,,,,,,,,,"0f164fec-9d63-4fe6-81d4-993026197e8f"
"BBLStatus","301","301","Normal wild bird, Colored leg band(s): plastic, metal, paint, tape.",,,,,,,,,,"0f164fec-9d63-4fe6-81d4-993026197e8f"
"BBLStatus","310","310","All flight feathers on one or both wings clipped or pulled plus auxiliary marker(s).",,,,,,,,,,"0f164fec-9d63-4fe6-81d4-993026197e8f"
"BBLStatus","315","315","Normal wild bird, Mouth swab, plus one or more auxiliary markers used.",,,,,,,,,,"0f164fec-9d63-4fe6-81d4-993026197e8f"
"BBLStatus","317","317","Normal wild bird, Tracheal swab, plus one or more auxiliary markers used.",,,,,,,,,,"0f164fec-9d63-4fe6-81d4-993026197e8f"
"BBLStatus","318","318","Normal wild bird, Blood sample taken",,,,,,,,,,"0f164fec-9d63-4fe6-81d4-993026197e8f"
"BBLStatus","319","319","Normal wild bird, Blood sample taken, plus auxiliary marker(s).",,,,,,,,,,"0f164fec-9d63-4fe6-81d4-993026197e8f"
"BBLStatus","325","325","Normal wild bird, Two or more types of auxiliary markers.",,,,,,,,,,"0f164fec-9d63-4fe6-81d4-993026197e8f"
"BBLStatus","333","333","Normal wild bird, Taken from an artificial nest structure, plus auxiliary marker(s).",,,,,,,,,,"0f164fec-9d63-4fe6-81d4-993026197e8f"
"BBLStatus","334","334","Normal wild bird, Taken from an artificial nest structure, plus auxiliary marker(s).",,,,,,,,,,"0f164fec-9d63-4fe6-81d4-993026197e8f"
"BBLStatus","380","380","Normal wild bird, Satellite/ Cell/ GPS transmitter",,,,,,,,,,"0f164fec-9d63-4fe6-81d4-993026197e8f"
"BBLStatus","381","381","Normal wild bird, Radio transmitter.",,,,,,,,,,"0f164fec-9d63-4fe6-81d4-993026197e8f"
"BBLStatus","389","389","Normal wild bird, transmitter (use 380/381 when applicable)",,,,,,,,,,"0f164fec-9d63-4fe6-81d4-993026197e8f"
"BBLStatus","390","390","Normal wild bird, Datalogger (i.e. geolocator)",,,,,,,,,,"0f164fec-9d63-4fe6-81d4-993026197e8f"
"BBLStatus","3--","3--","Normal wild bird, Banding or trapping mortality",,,,,,,,,,"0f164fec-9d63-4fe6-81d4-993026197e8f"
"Blood","dataField","dataField","Whether a blood sample was collected from the captured bird (Y/N)","binary","yes",,,"yes",,,,,
"BloodFilter","dataField","dataField","Whether a blood filter sample was collected from the captured bird (Y/N)","binary","yes",,,"yes",,,,,
"BloodGenetics","dataField","dataField","Whether blood was collected from the captured bird for genetic testing (Y/N)","binary","yes",,,"yes",,,,,
"BloodHg","dataField","dataField","Whether blood was collected from the captured bird for mercury (Hg) contamination testing (Y/N)","binary","yes",,,"yes",,,,,
"BloodIsotope","dataField","dataField","Whether blood was collected from the captured bird for isotope analysis (Y/N)","binary","yes",,,"yes",,,,,
"BloodSmear","dataField","dataField","Whether a blood smear was collected from the captured bird (Y/N)","binary","yes",,,"yes",,,,,
"BodyCover_dec","dataField","dataField","Estimated cover of body feathers on the captured bird; percent formatted as a decimal","numeric","yes",,,,,,"0","1",
"BodyMolt","dataField","dataField","Body molt score of the captured bird","integer","yes",,,,,,,,"b4652241-b879-4970-ba5c-9faeac9904ea"
"BodyMolt","0","0","No body molt",,,,,,,,,,"b4652241-b879-4970-ba5c-9faeac9904ea"
"BodyMolt","1","1","Trace; Only a very few feathers molting anywhere on the bird’s body in no discernible pattern.",,,,,,,,,,"b4652241-b879-4970-ba5c-9faeac9904ea"
"BodyMolt","2","2","Light; Fewer than one-third of the contour feathers on the bird are molting",,,,,,,,,,"b4652241-b879-4970-ba5c-9faeac9904ea"
"BodyMolt","3","3","Medium; From one to two-thirds of a bird’s contour feathers are in molt.",,,,,,,,,,"b4652241-b879-4970-ba5c-9faeac9904ea"
"BodyMolt","4","4","Heavy; More than two-thirds of the contour feathers on the bird are in molt.",,,,,,,,,,"b4652241-b879-4970-ba5c-9faeac9904ea"
"BodyMolt","0","0","No body molt",,,,,,,,,,"b4652241-b879-4970-ba5c-9faeac9904ea"
"BroodPatch","dataField","dataField","Brood patch score of captured bird","character","yes",,,"yes",,,,,"f1be2570-d672-49f4-8796-090e2eb8c689"
"BroodPatch","0","0","Absent",,,,,,,,,,"f1be2570-d672-49f4-8796-090e2eb8c689"
"BroodPatch","1","1","Not completely defeathered",,,,,,,,,,"f1be2570-d672-49f4-8796-090e2eb8c689"
"BroodPatch","2","2","Well defined, breast muscles and gut still visible through the skin",,,,,,,,,,"f1be2570-d672-49f4-8796-090e2eb8c689"
"BroodPatch","3","3","Veined and red; the skin is opaque, thickened or engorged, veined and reed with broad, undulating wrinkles",,,,,,,,,,"f1be2570-d672-49f4-8796-090e2eb8c689"
"BroodPatch","4","4","Wrinkled, the skin has thin wrinkles, engorgement of the skin has gone",,,,,,,,,,"f1be2570-d672-49f4-8796-090e2eb8c689"
"BroodPatch","5","5","Feathering over",,,,,,,,,,"f1be2570-d672-49f4-8796-090e2eb8c689"
"BroodPatch","P","P","Present",,,,,,,,,,"f1be2570-d672-49f4-8796-090e2eb8c689"
"BroodPatch","0","0","Absent",,,,,,,,,,"f1be2570-d672-49f4-8796-090e2eb8c689"
"Buccal","dataField","dataField","Whether a buccal swab sample was collected from captured bird (Y/N)","binary","yes",,,"yes",,,,,
"CaptureMethod","dataField","dataField","Method used to capture the bird","character varying","yes",,,"yes",,,,,"6eba4990-465a-452b-a402-f9ed95faaf83"
"CaptureMethod","MN","MN","Mist Net",,,,,,,,,,"6eba4990-465a-452b-a402-f9ed95faaf83"
"CaptureMethod","WT","WT","Walk-in Trap",,,,,,,,,,"6eba4990-465a-452b-a402-f9ed95faaf83"
"CaptureMethod","HA","HA","Hand",,,,,,,,,,"6eba4990-465a-452b-a402-f9ed95faaf83"
"CaptureMethod","BN","BN","Bownet",,,,,,,,,,"6eba4990-465a-452b-a402-f9ed95faaf83"
"CaptureMethod","CN","CN","Canon Net",,,,,,,,,,"6eba4990-465a-452b-a402-f9ed95faaf83"
"CaptureMethod","SN","SN","Swoop Net",,,,,,,,,,"6eba4990-465a-452b-a402-f9ed95faaf83"
"CaptureMethod","WN","WN","Whoosh Net",,,,,,,,,,"6eba4990-465a-452b-a402-f9ed95faaf83"
"CaptureMethod","NG","NG","Net Gun",,,,,,,,,,"6eba4990-465a-452b-a402-f9ed95faaf83"
"CaptureMethod","MN","MN","Mist Net",,,,,,,,,,"6eba4990-465a-452b-a402-f9ed95faaf83"
"CaptureTime","dataField","dataField","Time of bird capture; 24:00","time","yes",,,,,,,,
"City","dataField","dataField","City or town of capture location","character varying","yes",,,"yes",,,,,"8efdbc82-6002-4d1b-8ed5-7f65f517951f"
"City","Anchorage","Anchorage","Anchorage, Alaska",,,,,,,,,,"8efdbc82-6002-4d1b-8ed5-7f65f517951f"
"City","Yellowknife","Yellowknife","Yellowknife, Northwest Territories, Canada",,,,,,,,,,"8efdbc82-6002-4d1b-8ed5-7f65f517951f"
"City","Churchill","Churchill","Churchill, Manitoba, Canada",,,,,,,,,,"8efdbc82-6002-4d1b-8ed5-7f65f517951f"
"City","Nome","Nome","Nome, Alaska",,,,,,,,,,"8efdbc82-6002-4d1b-8ed5-7f65f517951f"
"City","Fairbanks","Fairbanks","Fairbanks, Alaska",,,,,,,,,,"8efdbc82-6002-4d1b-8ed5-7f65f517951f"
"City","Tok","Tok","Tok, Alaska",,,,,,,,,,"8efdbc82-6002-4d1b-8ed5-7f65f517951f"
"City","Anchorage","Anchorage","Anchorage, Alaska",,,,,,,,,,"8efdbc82-6002-4d1b-8ed5-7f65f517951f"
"CloacalProtub","dataField","dataField","Cloacal protuberance score on captured bird","integer","yes",,,,,,,,"5129b94c-4b88-4d32-b0a5-6e3403e03d38"
"CloacalProtub","0","0","Cloaca not enlarged",,,,,,,,,,"5129b94c-4b88-4d32-b0a5-6e3403e03d38"
"CloacalProtub","1","1","Small; Cloaca somewhat enlarged and noticeably swollen and the shape is conical",,,,,,,,,,"5129b94c-4b88-4d32-b0a5-6e3403e03d38"
"CloacalProtub","2","2","Medium; Cloacal protuberance large and the shape is cylindrical",,,,,,,,,,"5129b94c-4b88-4d32-b0a5-6e3403e03d38"
"CloacalProtub","3","3","Large; Cloacal protuberance very large and bulbous",,,,,,,,,,"5129b94c-4b88-4d32-b0a5-6e3403e03d38"
"CloacalProtub","0","0","Cloaca not enlarged",,,,,,,,,,"5129b94c-4b88-4d32-b0a5-6e3403e03d38"
"Country","dataField","dataField","Country of capture location","character varying","yes",,,"yes",,,,,
"CulmenDepth_mm","dataField","dataField","Culmen depth of the of the captured brid in millimeters; measured at the distal end of the nares","numeric","yes","millimeters",,,,,,,
"CulmenLength_mm","dataField","dataField","Culmen length of the captured bird in millimeters; measured from tip of bill to base of bill","numeric","yes","millimeters",,,,,,,
"CulmenWidth_mm","dataField","dataField","Culmen width of the captured bird in millimeters; measured at the distal end of the nares","numeric","yes","millimeters",,,,,,,
"Day","dataField","dataField","1-2-number day of capture; D or DD","integer","yes",,,,,,"1","31",
"Downy","dataField","dataField","Whether downy feathers were collected from the captured bird (Y/N)","binary","yes",,,"yes",,,,,
"FatScore","dataField","dataField","Fat score of captured bird (0-7)","integer","yes",,,,,,,,"7b05a4ac-1e05-46b4-8f0c-f260218ac713"
"FatScore","0","0","No fat in the furculum or anywhere on the body",,,,,,,,,,"7b05a4ac-1e05-46b4-8f0c-f260218ac713"
"FatScore","1","1","Trace; A very small amount of fat in the furcular hollow (< 5% filled)",,,,,,,,,,"7b05a4ac-1e05-46b4-8f0c-f260218ac713"
"FatScore","2","2","Light; The bottom of the furculum is completely covered but the furcular hollow is less than 1/3 filled",,,,,,,,,,"7b05a4ac-1e05-46b4-8f0c-f260218ac713"
"FatScore","3","3","Half; The furcular hollow is about half full, and fat is present under the wingpit and/or on the abdomen",,,,,,,,,,"7b05a4ac-1e05-46b4-8f0c-f260218ac713"
"FatScore","4","4","Filled; The furcular hollow is full and a thick layer of fat also occurs under the wing and on the abdomen",,,,,,,,,,"7b05a4ac-1e05-46b4-8f0c-f260218ac713"
"FatScore","5","5","Bulging; Fat is bulging slightly above the furculum and well mounded under the wing and on the abdomen",,,,,,,,,,"7b05a4ac-1e05-46b4-8f0c-f260218ac713"
"FatScore","6","6","Greatly bulging; Fat is bulging greatly above the furculum and well mounded under the wing and on the abdomen",,,,,,,,,,"7b05a4ac-1e05-46b4-8f0c-f260218ac713"
"FatScore","7","7","Very excessive;  fat pads of the furculum, 'wingpit,' and abdomen are bulging so that they join",,,,,,,,,,"7b05a4ac-1e05-46b4-8f0c-f260218ac713"
"FatScore","0","0","No fat in the furculum or anywhere on the body",,,,,,,,,,"7b05a4ac-1e05-46b4-8f0c-f260218ac713"
"Feather","dataField","dataField","Whether a feather sample was collected from the captured bird (Y/N)","binary","yes",,,"yes",,,,,
"FeatherContrast","dataField","dataField","Whether there is color contrast on the underwing coverts of the captured bird (Y/N)","binary","yes",,,"yes",,,,,
"FeatherIsotope","dataField","dataField","Whether a feather sample was collected from the captured bird for isotope analysis (Y/N)","binary","yes",,,"yes",,,,,
"FeatherType","dataField","dataField","Code identifying type of feather collected from the captured bird; specific feather number provided, if known","character varying","yes",,,"yes",,,,,"f440c952-f679-4033-8ec6-b94edc1f4e50"
"FeatherType","PC","PC","Primary Covert; wing flight feather",,,,,,,,,,"f440c952-f679-4033-8ec6-b94edc1f4e50"
"FeatherType","GC","GC","Greater Covert; wing flight feather",,,,,,,,,,"f440c952-f679-4033-8ec6-b94edc1f4e50"
"FeatherType","P","P","Primary Remex; wing flight feather",,,,,,,,,,"f440c952-f679-4033-8ec6-b94edc1f4e50"
"FeatherType","S","S","Secondary Remex; wing flight feather",,,,,,,,,,"f440c952-f679-4033-8ec6-b94edc1f4e50"
"FeatherType","T","T","Tertial Remex; wing flight feather",,,,,,,,,,"f440c952-f679-4033-8ec6-b94edc1f4e50"
"FeatherType","R","R","Retrix; tail flight feather",,,,,,,,,,"f440c952-f679-4033-8ec6-b94edc1f4e50"
"FeatherType","down","down","down feather",,,,,,,,,,"f440c952-f679-4033-8ec6-b94edc1f4e50"
"FeatherType","contour","contour","contour feather",,,,,,,,,,"f440c952-f679-4033-8ec6-b94edc1f4e50"
"FeatherType","semiplume","semiplume","semiplume feather",,,,,,,,,,"f440c952-f679-4033-8ec6-b94edc1f4e50"
"FeatherType","filoplume","filoplume","filoplume feather",,,,,,,,,,"f440c952-f679-4033-8ec6-b94edc1f4e50"
"FeatherType","body","body","unspecified body feather (down, contour, semiplume, or filoplume)",,,,,,,,,,"f440c952-f679-4033-8ec6-b94edc1f4e50"
"FeatherType","bristle","bristle","bristle feather",,,,,,,,,,"f440c952-f679-4033-8ec6-b94edc1f4e50"
"FeatherType","PC","PC","Primary Covert; wing flight feather",,,,,,,,,,"f440c952-f679-4033-8ec6-b94edc1f4e50"
"Fecal","dataField","dataField","Whether a fecal sample was collected from the captured bird (Y/N)","binary","yes",,,"yes",,,,,
"FlagCodeIn","dataField","dataField","Alpha-numeric code on plastic, field-readable flag placed on the bird's leg when captured","character varying","yes",,,"yes",,,,,
"FlagCodeOut","dataField","dataField","Alpha-numeric code on plastic, field-readable flag placed on the bird's leg when released","character varying","yes",,,"yes",,,,,
"FlagColorIn","dataField","dataField","Color of plastic, field-readable flag placed on the bird's leg when captured","character varying","yes",,,"yes",,,,,"e0210f6b-ca15-498c-83ac-be71e9f79bee"
"FlagColorIn","Dg","Dg","Dark green",,,,,,,,,,"e0210f6b-ca15-498c-83ac-be71e9f79bee"
"FlagColorIn","Lg","Lg","Light green",,,,,,,,,,"e0210f6b-ca15-498c-83ac-be71e9f79bee"
"FlagColorIn","Wh","Wh","White colorband",,,,,,,,,,"e0210f6b-ca15-498c-83ac-be71e9f79bee"
"FlagColorIn","Yl","Yl","Yellow colorband",,,,,,,,,,"e0210f6b-ca15-498c-83ac-be71e9f79bee"
"FlagColorIn","Dg","Dg","Dark green",,,,,,,,,,"e0210f6b-ca15-498c-83ac-be71e9f79bee"
"FlagColorOut","dataField","dataField","Color of plastic, field-readable flag placed on the bird's leg when released","character varying","yes",,,"yes",,,,,"d485d0f0-0537-41f0-b089-1ec754dc377d"
"FlagColorOut","Dg","Dg","Dark green",,,,,,,,,,"d485d0f0-0537-41f0-b089-1ec754dc377d"
"FlagColorOut","Lg","Lg","Light green",,,,,,,,,,"d485d0f0-0537-41f0-b089-1ec754dc377d"
"FlagColorOut","Wh","Wh","White colorband",,,,,,,,,,"d485d0f0-0537-41f0-b089-1ec754dc377d"
"FlagColorOut","Yl","Yl","Yellow colorband",,,,,,,,,,"d485d0f0-0537-41f0-b089-1ec754dc377d"
"FlagColorOut","Dg","Dg","Dark green",,,,,,,,,,"d485d0f0-0537-41f0-b089-1ec754dc377d"
"FlightFeatherMolt","dataField","dataField","Code describing the type of molt occuring in the flight feathers of the captured bird","character","yes",,,"yes",,,,,"d22a5a3d-c4e8-4def-b009-5fcc855f5b96"
"FlightFeatherMolt","N","N","None",,,,,,,,,,"d22a5a3d-c4e8-4def-b009-5fcc855f5b96"
"FlightFeatherMolt","S","S","Symmetric",,,,,,,,,,"d22a5a3d-c4e8-4def-b009-5fcc855f5b96"
"FlightFeatherMolt","A","A","Adventicious",,,,,,,,,,"d22a5a3d-c4e8-4def-b009-5fcc855f5b96"
"FlightFeatherMolt","J","J","Juvininle Growth",,,,,,,,,,"d22a5a3d-c4e8-4def-b009-5fcc855f5b96"
"FlightFeatherMolt","N","N","None",,,,,,,,,,"d22a5a3d-c4e8-4def-b009-5fcc855f5b96"
"FlightFeatherWear","dataField","dataField","The degree of feather wear on the captured bird (0-5)","integer","yes",,,,,,,,"22254c98-a469-40a8-9eba-2127c553d5b4"
"FlightFeatherWear","0","0","None",,,,,,,,,,"22254c98-a469-40a8-9eba-2127c553d5b4"
"FlightFeatherWear","1","1","Slight",,,,,,,,,,"22254c98-a469-40a8-9eba-2127c553d5b4"
"FlightFeatherWear","2","2","Light",,,,,,,,,,"22254c98-a469-40a8-9eba-2127c553d5b4"
"FlightFeatherWear","3","3","Moderate",,,,,,,,,,"22254c98-a469-40a8-9eba-2127c553d5b4"
"FlightFeatherWear","4","4","Heavy",,,,,,,,,,"22254c98-a469-40a8-9eba-2127c553d5b4"
"FlightFeatherWear","5","5","Excessive",,,,,,,,,,"22254c98-a469-40a8-9eba-2127c553d5b4"
"FlightFeatherWear","0","0","None",,,,,,,,,,"22254c98-a469-40a8-9eba-2127c553d5b4"
"Gape_mm","dataField","dataField","Gape length of the captured bird in millimeters","numeric","yes","millimeters",,,,,,,
"HowAged","dataField","dataField","The BBL HowAged code describing how the captured bird was aged; multiple methods seperated by ','","character varying","yes",,,"yes",,,,,"2d98227e-9049-46ce-9020-ceeaa17f0e1e"
"HowAged","AM","AM","Auxiliary marker",,,,,,,,,,"2d98227e-9049-46ce-9020-ceeaa17f0e1e"
"HowAged","BO","BO","Behavioral observation",,,,,,,,,,"2d98227e-9049-46ce-9020-ceeaa17f0e1e"
"HowAged","BP","BP","Brood patch",,,,,,,,,,"2d98227e-9049-46ce-9020-ceeaa17f0e1e"
"HowAged","BU","BU","Bursa of fabricius",,,,,,,,,,"2d98227e-9049-46ce-9020-ceeaa17f0e1e"
"HowAged","CA","CA","Calendar",,,,,,,,,,"2d98227e-9049-46ce-9020-ceeaa17f0e1e"
"HowAged","CC","CC","Combination of characteristics/measurements",,,,,,,,,,"2d98227e-9049-46ce-9020-ceeaa17f0e1e"
"HowAged","CL","CL","Cloaca",,,,,,,,,,"2d98227e-9049-46ce-9020-ceeaa17f0e1e"
"HowAged","EG","EG","Egg in oviduct",,,,,,,,,,"2d98227e-9049-46ce-9020-ceeaa17f0e1e"
"HowAged","EY","EY","Eye color",,,,,,,,,,"2d98227e-9049-46ce-9020-ceeaa17f0e1e"
"HowAged","FB","FB","Fault bar",,,,,,,,,,"2d98227e-9049-46ce-9020-ceeaa17f0e1e"
"HowAged","FF","FF","Flight feathers (remiges), condition or color",,,,,,,,,,"2d98227e-9049-46ce-9020-ceeaa17f0e1e"
"HowAged","IC","IC","Inconclusive, Conflicting",,,,,,,,,,"2d98227e-9049-46ce-9020-ceeaa17f0e1e"
"HowAged","LP","LP","Molt limit present",,,,,,,,,,"2d98227e-9049-46ce-9020-ceeaa17f0e1e"
"HowAged","MB","MB","Mouth/bill",,,,,,,,,,"2d98227e-9049-46ce-9020-ceeaa17f0e1e"
"HowAged","MR","MR","Actively-molting remiges",,,,,,,,,,"2d98227e-9049-46ce-9020-ceeaa17f0e1e"
"HowAged","NA","NA","Not attempted",,,,,,,,,,"2d98227e-9049-46ce-9020-ceeaa17f0e1e"
"HowAged","NF","NF","Nestling recently fledged, incapable of powered flight",,,,,,,,,,"2d98227e-9049-46ce-9020-ceeaa17f0e1e"
"HowAged","NL","NL","No molt Limit",,,,,,,,,,"2d98227e-9049-46ce-9020-ceeaa17f0e1e"
"HowAged","NN","NN","Nestling in nest (altricials), downy young (precocials)",,,,,,,,,,"2d98227e-9049-46ce-9020-ceeaa17f0e1e"
"HowAged","OT","OT","Other",,,,,,,,,,"2d98227e-9049-46ce-9020-ceeaa17f0e1e"
"HowAged","PC","PC","Primary covert wear and/or shape",,,,,,,,,,"2d98227e-9049-46ce-9020-ceeaa17f0e1e"
"HowAged","PL","PL","Body Plumage",,,,,,,,,,"2d98227e-9049-46ce-9020-ceeaa17f0e1e"
"HowAged","RC","RC","Re-captured bird with USGS band",,,,,,,,,,"2d98227e-9049-46ce-9020-ceeaa17f0e1e"
"HowAged","SK","SK","Skull",,,,,,,,,,"2d98227e-9049-46ce-9020-ceeaa17f0e1e"
"HowAged","TL","TL","Tail length",,,,,,,,,,"2d98227e-9049-46ce-9020-ceeaa17f0e1e"
"HowAged","TS","TS","Tail shape or wear",,,,,,,,,,"2d98227e-9049-46ce-9020-ceeaa17f0e1e"
"HowAged","AM","AM","Auxiliary marker",,,,,,,,,,"2d98227e-9049-46ce-9020-ceeaa17f0e1e"
"HowSexed","dataField","dataField","The BBL HowSexed code describing how the captured bird was sexed; multiple methods seperated by ','","character varying","yes",,,"yes",,,,,"1ca6c347-ad53-40cc-8add-096f307c0fe4"
"HowSexed","BO","BO","Behavioral observation",,,,,,,,,,"1ca6c347-ad53-40cc-8add-096f307c0fe4"
"HowSexed","BP","BP","Brood patch",,,,,,,,,,"1ca6c347-ad53-40cc-8add-096f307c0fe4"
"HowSexed","CC","CC","Combination of characteristics or measurements",,,,,,,,,,"1ca6c347-ad53-40cc-8add-096f307c0fe4"
"HowSexed","CL","CL","Cloaca",,,,,,,,,,"1ca6c347-ad53-40cc-8add-096f307c0fe4"
"HowSexed","DN","DN","DNA/chromosome analysis",,,,,,,,,,"1ca6c347-ad53-40cc-8add-096f307c0fe4"
"HowSexed","EG","EG","Egg in oviduct",,,,,,,,,,"1ca6c347-ad53-40cc-8add-096f307c0fe4"
"HowSexed","EY","EY","Eye color",,,,,,,,,,"1ca6c347-ad53-40cc-8add-096f307c0fe4"
"HowSexed","FS","FS","Feather shape (Primaries or tail)",,,,,,,,,,"1ca6c347-ad53-40cc-8add-096f307c0fe4"
"HowSexed","IC","IC","Inconclusive/conflicting",,,,,,,,,,"1ca6c347-ad53-40cc-8add-096f307c0fe4"
"HowSexed","LL","LL","Laparotomy/laparoscopy",,,,,,,,,,"1ca6c347-ad53-40cc-8add-096f307c0fe4"
"HowSexed","MB","MB","Mouth/bill",,,,,,,,,,"1ca6c347-ad53-40cc-8add-096f307c0fe4"
"HowSexed","NA","NA","Not attempted",,,,,,,,,,"1ca6c347-ad53-40cc-8add-096f307c0fe4"
"HowSexed","OT","OT","Other",,,,,,,,,,"1ca6c347-ad53-40cc-8add-096f307c0fe4"
"HowSexed","PL","PL","Body plumage",,,,,,,,,,"1ca6c347-ad53-40cc-8add-096f307c0fe4"
"HowSexed","PM","PM","Prejuvenile molt",,,,,,,,,,"1ca6c347-ad53-40cc-8add-096f307c0fe4"
"HowSexed","RC","RC","Sexed upon recapture",,,,,,,,,,"1ca6c347-ad53-40cc-8add-096f307c0fe4"
"HowSexed","SK","SK","Skull",,,,,,,,,,"1ca6c347-ad53-40cc-8add-096f307c0fe4"
"HowSexed","TL","TL","Tail length",,,,,,,,,,"1ca6c347-ad53-40cc-8add-096f307c0fe4"
"HowSexed","WL","WL","Wing length",,,,,,,,,,"1ca6c347-ad53-40cc-8add-096f307c0fe4"
"HowSexed","BO","BO","Behavioral observation",,,,,,,,,,"1ca6c347-ad53-40cc-8add-096f307c0fe4"
"JuvPlumage","dataField","dataField","The presence of juvenal body plumage on captured bird","integer","yes",,,,,,,,"fa70e963-9b81-44e5-9655-3ab33474e6de"
"JuvPlumage","0","0","No juvenal body plumage.",,,,,,,,,,"fa70e963-9b81-44e5-9655-3ab33474e6de"
"JuvPlumage","1","1","Less than half of the juvenal body plumage remains.",,,,,,,,,,"fa70e963-9b81-44e5-9655-3ab33474e6de"
"JuvPlumage","2","2","More than half of the juvenal body plumage remains, although the bird already has begun its preformative molt.",,,,,,,,,,"fa70e963-9b81-44e5-9655-3ab33474e6de"
"JuvPlumage","3","3","Full juvenal body plumage.",,,,,,,,,,"fa70e963-9b81-44e5-9655-3ab33474e6de"
"JuvPlumage","0","0","No juvenal body plumage.",,,,,,,,,,"fa70e963-9b81-44e5-9655-3ab33474e6de"
"Latitude_dec","dataField","dataField","Latitude of capture location in decimal degrees","numeric","yes","decimal degrees",,,,,,,
"LLIn","dataField","dataField","Lower left leg; combination of bands, flags, and data loggers attached to bird's leg when captured; individual attachments seperated by '-'","character varying","yes",,,"yes",,,,,"c29cb897-0edb-48cd-8d4f-592123040563"
"LLIn","X","X","Metal (Aluminum) federal band",,,,,,,,,,"c29cb897-0edb-48cd-8d4f-592123040563"
"LLIn","Bk","Bk","Black colorband",,,,,,,,,,"c29cb897-0edb-48cd-8d4f-592123040563"
"LLIn","Br","Br","Brown colorband",,,,,,,,,,"c29cb897-0edb-48cd-8d4f-592123040563"
"LLIn","Db","Db","Dark blue colorband",,,,,,,,,,"c29cb897-0edb-48cd-8d4f-592123040563"
"LLIn","Dg","Dg","Dark green colorband",,,,,,,,,,"c29cb897-0edb-48cd-8d4f-592123040563"
"LLIn","Flag","Flag","Plastic, field-readable flag placed on the bird's leg",,,,,,,,,,"c29cb897-0edb-48cd-8d4f-592123040563"
"LLIn","Geo","Geo","Geolocator tag",,,,,,,,,,"c29cb897-0edb-48cd-8d4f-592123040563"
"LLIn","Gy","Gy","Gray colorband",,,,,,,,,,"c29cb897-0edb-48cd-8d4f-592123040563"
"LLIn","Hp","Hp","Hot pink colorband",,,,,,,,,,"c29cb897-0edb-48cd-8d4f-592123040563"
"LLIn","Lb","Lb","Light blue colorband",,,,,,,,,,"c29cb897-0edb-48cd-8d4f-592123040563"
"LLIn","Mg","Mg","Magenta colorband",,,,,,,,,,"c29cb897-0edb-48cd-8d4f-592123040563"
"LLIn","Mv","Mv","Mauve colorband",,,,,,,,,,"c29cb897-0edb-48cd-8d4f-592123040563"
"LLIn","Or","Or","Orange colorband",,,,,,,,,,"c29cb897-0edb-48cd-8d4f-592123040563"
"LLIn","Pp","Pp","Purple colorband",,,,,,,,,,"c29cb897-0edb-48cd-8d4f-592123040563"
"LLIn","Rd","Rd","Red colorband",,,,,,,,,,"c29cb897-0edb-48cd-8d4f-592123040563"
"LLIn","Wh","Wh","White colorband",,,,,,,,,,"c29cb897-0edb-48cd-8d4f-592123040563"
"LLIn","Yl","Yl","Yellow colorband",,,,,,,,,,"c29cb897-0edb-48cd-8d4f-592123040563"
"LLIn","X","X","Metal (Aluminum) federal band",,,,,,,,,,"c29cb897-0edb-48cd-8d4f-592123040563"
"LLOut","dataField","dataField","Lower left leg; combination of bands, flags, and data loggers attached to bird's leg when released; individual attachments seperated by '-'","character varying","yes",,,"yes",,,,,"7f146ad0-c742-41f8-820e-58695315327d"
"LLOut","X","X","Metal (Aluminum) federal band",,,,,,,,,,"7f146ad0-c742-41f8-820e-58695315327d"
"LLOut","Bk","Bk","Black colorband",,,,,,,,,,"7f146ad0-c742-41f8-820e-58695315327d"
"LLOut","Br","Br","Brown colorband",,,,,,,,,,"7f146ad0-c742-41f8-820e-58695315327d"
"LLOut","Db","Db","Dark blue colorband",,,,,,,,,,"7f146ad0-c742-41f8-820e-58695315327d"
"LLOut","Dg","Dg","Dark green colorband",,,,,,,,,,"7f146ad0-c742-41f8-820e-58695315327d"
"LLOut","Flag","Flag","Plastic, field-readable flag placed on the bird's leg",,,,,,,,,,"7f146ad0-c742-41f8-820e-58695315327d"
"LLOut","Geo","Geo","Geolocator tag",,,,,,,,,,"7f146ad0-c742-41f8-820e-58695315327d"
"LLOut","Gy","Gy","Gray colorband",,,,,,,,,,"7f146ad0-c742-41f8-820e-58695315327d"
"LLOut","Hp","Hp","Hot pink colorband",,,,,,,,,,"7f146ad0-c742-41f8-820e-58695315327d"
"LLOut","Lb","Lb","Light blue colorband",,,,,,,,,,"7f146ad0-c742-41f8-820e-58695315327d"
"LLOut","Mg","Mg","Magenta colorband",,,,,,,,,,"7f146ad0-c742-41f8-820e-58695315327d"
"LLOut","Mv","Mv","Mauve colorband",,,,,,,,,,"7f146ad0-c742-41f8-820e-58695315327d"
"LLOut","Or","Or","Orange colorband",,,,,,,,,,"7f146ad0-c742-41f8-820e-58695315327d"
"LLOut","Pp","Pp","Purple colorband",,,,,,,,,,"7f146ad0-c742-41f8-820e-58695315327d"
"LLOut","Rd","Rd","Red colorband",,,,,,,,,,"7f146ad0-c742-41f8-820e-58695315327d"
"LLOut","Wh","Wh","White colorband",,,,,,,,,,"7f146ad0-c742-41f8-820e-58695315327d"
"LLOut","Yl","Yl","Yellow colorband",,,,,,,,,,"7f146ad0-c742-41f8-820e-58695315327d"
"LLOut","X","X","Metal (Aluminum) federal band",,,,,,,,,,"7f146ad0-c742-41f8-820e-58695315327d"
"LongestPrimary_mm","dataField","dataField","Length of longest primary of the captured bird in millimeters","numeric","yes","millimeters",,,,,,,
"Longitude_dec","dataField","dataField","Longitude of capture location in decimal degrees","numeric","yes","decimal degrees",,,,,,,
"LRIn","dataField","dataField","Lower right leg; combination of bands, flags, and data loggers attached to bird's leg when captured; individual attachments seperated by '-'","character varying","yes",,,"yes",,,,,"99c74c1f-fdd6-4054-a836-5920594c12cd"
"LRIn","X","X","Metal (Aluminum) federal band",,,,,,,,,,"99c74c1f-fdd6-4054-a836-5920594c12cd"
"LRIn","Bk","Bk","Black colorband",,,,,,,,,,"99c74c1f-fdd6-4054-a836-5920594c12cd"
"LRIn","Br","Br","Brown colorband",,,,,,,,,,"99c74c1f-fdd6-4054-a836-5920594c12cd"
"LRIn","Db","Db","Dark blue colorband",,,,,,,,,,"99c74c1f-fdd6-4054-a836-5920594c12cd"
"LRIn","Dg","Dg","Dark green colorband",,,,,,,,,,"99c74c1f-fdd6-4054-a836-5920594c12cd"
"LRIn","Flag","Flag","Plastic, field-readable flag placed on the bird's leg",,,,,,,,,,"99c74c1f-fdd6-4054-a836-5920594c12cd"
"LRIn","Geo","Geo","Geolocator tag",,,,,,,,,,"99c74c1f-fdd6-4054-a836-5920594c12cd"
"LRIn","Gy","Gy","Gray colorband",,,,,,,,,,"99c74c1f-fdd6-4054-a836-5920594c12cd"
"LRIn","Hp","Hp","Hot pink colorband",,,,,,,,,,"99c74c1f-fdd6-4054-a836-5920594c12cd"
"LRIn","Lb","Lb","Light blue colorband",,,,,,,,,,"99c74c1f-fdd6-4054-a836-5920594c12cd"
"LRIn","Mg","Mg","Magenta colorband",,,,,,,,,,"99c74c1f-fdd6-4054-a836-5920594c12cd"
"LRIn","Mv","Mv","Mauve colorband",,,,,,,,,,"99c74c1f-fdd6-4054-a836-5920594c12cd"
"LRIn","Or","Or","Orange colorband",,,,,,,,,,"99c74c1f-fdd6-4054-a836-5920594c12cd"
"LRIn","Pp","Pp","Purple colorband",,,,,,,,,,"99c74c1f-fdd6-4054-a836-5920594c12cd"
"LRIn","Rd","Rd","Red colorband",,,,,,,,,,"99c74c1f-fdd6-4054-a836-5920594c12cd"
"LRIn","Wh","Wh","White colorband",,,,,,,,,,"99c74c1f-fdd6-4054-a836-5920594c12cd"
"LRIn","Yl","Yl","Yellow colorband",,,,,,,,,,"99c74c1f-fdd6-4054-a836-5920594c12cd"
"LRIn","X","X","Metal (Aluminum) federal band",,,,,,,,,,"99c74c1f-fdd6-4054-a836-5920594c12cd"
"LROut","dataField","dataField","Lower right leg; combination of bands, flags, and data loggers attached to bird's leg when released; individual attachments seperated by '-'","character varying","yes",,,"yes",,,,,"004f4eb5-1161-482c-a2f4-c53347619ec8"
"LROut","X","X","Metal (Aluminum) federal band",,,,,,,,,,"004f4eb5-1161-482c-a2f4-c53347619ec8"
"LROut","Bk","Bk","Black colorband",,,,,,,,,,"004f4eb5-1161-482c-a2f4-c53347619ec8"
"LROut","Br","Br","Brown colorband",,,,,,,,,,"004f4eb5-1161-482c-a2f4-c53347619ec8"
"LROut","Db","Db","Dark blue colorband",,,,,,,,,,"004f4eb5-1161-482c-a2f4-c53347619ec8"
"LROut","Dg","Dg","Dark green colorband",,,,,,,,,,"004f4eb5-1161-482c-a2f4-c53347619ec8"
"LROut","Flag","Flag","Plastic, field-readable flag placed on the bird's leg",,,,,,,,,,"004f4eb5-1161-482c-a2f4-c53347619ec8"
"LROut","Geo","Geo","Geolocator tag",,,,,,,,,,"004f4eb5-1161-482c-a2f4-c53347619ec8"
"LROut","Gy","Gy","Gray colorband",,,,,,,,,,"004f4eb5-1161-482c-a2f4-c53347619ec8"
"LROut","Hp","Hp","Hot pink colorband",,,,,,,,,,"004f4eb5-1161-482c-a2f4-c53347619ec8"
"LROut","Lb","Lb","Light blue colorband",,,,,,,,,,"004f4eb5-1161-482c-a2f4-c53347619ec8"
"LROut","Mg","Mg","Magenta colorband",,,,,,,,,,"004f4eb5-1161-482c-a2f4-c53347619ec8"
"LROut","Mv","Mv","Mauve colorband",,,,,,,,,,"004f4eb5-1161-482c-a2f4-c53347619ec8"
"LROut","Or","Or","Orange colorband",,,,,,,,,,"004f4eb5-1161-482c-a2f4-c53347619ec8"
"LROut","Pp","Pp","Purple colorband",,,,,,,,,,"004f4eb5-1161-482c-a2f4-c53347619ec8"
"LROut","Rd","Rd","Red colorband",,,,,,,,,,"004f4eb5-1161-482c-a2f4-c53347619ec8"
"LROut","Wh","Wh","White colorband",,,,,,,,,,"004f4eb5-1161-482c-a2f4-c53347619ec8"
"LROut","Yl","Yl","Yellow colorband",,,,,,,,,,"004f4eb5-1161-482c-a2f4-c53347619ec8"
"LROut","X","X","Metal (Aluminum) federal band",,,,,,,,,,"004f4eb5-1161-482c-a2f4-c53347619ec8"
"Mass_g","dataField","dataField","Mass of captured brid in grams","numeric","yes","grams",,,,,,,
"MoltLimit","dataField","dataField","Code indicating the region where molt limits (two generations of feathers) are present on the captured bird","character","yes",,,"yes",,,,,"7a79dc1d-6169-4e1d-8930-917bb7c2911d"
"MoltLimit","0","0","No molt limit",,,,,,,,,,"7a79dc1d-6169-4e1d-8930-917bb7c2911d"
"MoltLimit","P","P","Primaries",,,,,,,,,,"7a79dc1d-6169-4e1d-8930-917bb7c2911d"
"MoltLimit","S","S","Secondaries",,,,,,,,,,"7a79dc1d-6169-4e1d-8930-917bb7c2911d"
"MoltLimit","R","R","Rectrices",,,,,,,,,,"7a79dc1d-6169-4e1d-8930-917bb7c2911d"
"MoltLimit","C","C","Primary upperwing coverts",,,,,,,,,,"7a79dc1d-6169-4e1d-8930-917bb7c2911d"
"MoltLimit","U","U","Underwing coverts",,,,,,,,,,"7a79dc1d-6169-4e1d-8930-917bb7c2911d"
"MoltLimit","G","G","Greater upperwing coverts",,,,,,,,,,"7a79dc1d-6169-4e1d-8930-917bb7c2911d"
"MoltLimit","V","V","Primary coverts vs greater coverts",,,,,,,,,,"7a79dc1d-6169-4e1d-8930-917bb7c2911d"
"MoltLimit","L","L","Lesser upperwing coverts",,,,,,,,,,"7a79dc1d-6169-4e1d-8930-917bb7c2911d"
"MoltLimit","M","M","Median upperwing coverts",,,,,,,,,,"7a79dc1d-6169-4e1d-8930-917bb7c2911d"
"MoltLimit","B","B","Body Feathers",,,,,,,,,,"7a79dc1d-6169-4e1d-8930-917bb7c2911d"
"MoltLimit","0","0","No molt limit",,,,,,,,,,"7a79dc1d-6169-4e1d-8930-917bb7c2911d"
"Month","dataField","dataField","1-2-number month of capture; M or MM","integer","yes",,,,,,"1","12",
"Nails","dataField","dataField","Whether a nail sample was collected from the captured bird (Y/N)","binary","yes",,,"yes",,,,,
"NaresTip_mm","dataField","dataField","Length from nares to tip of the captured bird in millimeters","numeric","yes","millimeters",,,,,,,
"NestID","dataField","dataField","Unique nest identifier associated with captured bird; based on person who found nest or nest location","character varying","yes",,,"yes",,,,,
"Notes","dataField","dataField","Additional notes","character varying","yes",,,,,,,,
"P10_mm","dataField","dataField","Length of the primary 10 feather on the captured bird in millimeters; measured from skin to tip of feather","numeric","yes","millimeters",,,,,,,
"P10Exposed_mm","dataField","dataField","Length of the exposed primary 10 feather (out of sheathing) on the captured bird in millimeters","numeric","yes","millimeters",,,,,,,
"P1Length_mm","dataField","dataField","Length of primary 1 feather of the captured bird in millimeters","numeric","yes","millimeters",,,,,,,
"P1LessCov_mm","dataField","dataField","Length from primary 1 feather to lesser cover feather of the captured bird in millimeters","numeric","yes","millimeters",,,,,,,
"Photos","dataField","dataField","Whether photos of the captured bird were collected (Y/N)","binary","yes",,,"yes",,,,,
"PlatformID1","dataField","dataField","Platform identification number of the device attached to the captured bird","character varying","yes",,,,,,,,
"PlatformID2","dataField","dataField","Platform identification number of the second device attached to the captured bird","character varying","yes",,,,,,,,
"PlotID","dataField","dataField","Plot ID of capture location; more specific than LocCity or LocArea; refer to 'Master_Locations .csv'","character varying","yes",,,"yes",,,,,
"PlotName","dataField","dataField","Plot name of capture location; more specific than LocCity or LocArea; refer to 'Master_Locations.csv'","character varying","yes",,,"yes",,,,,
"R1Length_mm","dataField","dataField","Length of rectrix 1 feather of the captured bird in millimeters","numeric","yes","millimeters",,,,,,,
"RadioFrequency_mHz","dataField","dataField","The original radio frequency of the radio tag attached to the captured bird  in millihertz.","numeric","yes","megahertz",,,,,,,
"RectMolt","dataField","dataField","The presence and characteristics of active rectrix feather molt on the captured bird","integer","yes",,,,,,,,"820f542d-5680-4236-8c5a-375e7129b74e"
"RectMolt","0","0","No molt",,,,,,,,,,"820f542d-5680-4236-8c5a-375e7129b74e"
"RectMolt","1","1","Juvenile molt",,,,,,,,,,"820f542d-5680-4236-8c5a-375e7129b74e"
"RectMolt","2","2","Symmetrical molt",,,,,,,,,,"820f542d-5680-4236-8c5a-375e7129b74e"
"RectMolt","3","3","Adventitious",,,,,,,,,,"820f542d-5680-4236-8c5a-375e7129b74e"
"RectMolt","0","0","No molt",,,,,,,,,,"820f542d-5680-4236-8c5a-375e7129b74e"
"RectShape","dataField","dataField","Degree of rectrix feather roundness on the captured bird (0-3)","integer","yes",,,,,,,,"4f013abc-3b70-49bf-a8eb-0b4042559b66"
"RectShape","0","0","Pointed",,,,,,,,,,"4f013abc-3b70-49bf-a8eb-0b4042559b66"
"RectShape","1","1","Somewhat pointed",,,,,,,,,,"4f013abc-3b70-49bf-a8eb-0b4042559b66"
"RectShape","2","2","Somewhat rounded",,,,,,,,,,"4f013abc-3b70-49bf-a8eb-0b4042559b66"
"RectShape","3","3","Rounded",,,,,,,,,,"4f013abc-3b70-49bf-a8eb-0b4042559b66"
"RectShape","0","0","Pointed",,,,,,,,,,"4f013abc-3b70-49bf-a8eb-0b4042559b66"
"RectWear","dataField","dataField","The degree of rectrix feather wear on the captured bird","integer","yes",,,,,,,,"1bcd27a1-576a-4c7b-bf22-2525faa18607"
"RectWear","0","0","None",,,,,,,,,,"1bcd27a1-576a-4c7b-bf22-2525faa18607"
"RectWear","1","1","Slight",,,,,,,,,,"1bcd27a1-576a-4c7b-bf22-2525faa18607"
"RectWear","2","2","Light",,,,,,,,,,"1bcd27a1-576a-4c7b-bf22-2525faa18607"
"RectWear","3","3","Moderate",,,,,,,,,,"1bcd27a1-576a-4c7b-bf22-2525faa18607"
"RectWear","4","4","Heavy",,,,,,,,,,"1bcd27a1-576a-4c7b-bf22-2525faa18607"
"RectWear","5","5","Excessive",,,,,,,,,,"1bcd27a1-576a-4c7b-bf22-2525faa18607"
"RectWear","0","0","None",,,,,,,,,,"1bcd27a1-576a-4c7b-bf22-2525faa18607"
"ReleaseTime","dataField","dataField","Time of bird release; 24:00","time","yes",,,,,,,,
"ScribeID","dataField","dataField","Code of the scribe; often first initial, middle initial, and last name","character varying","yes",,,"yes",,,,,
"Sex","dataField","dataField","Code describing the sex of the captured bird as determined in the field","character","yes",,,"yes",,,,,"5cb24280-2062-4673-9df3-e9a66fb01ea9"
"Sex","M","M","Male",,,,,,,,,,"5cb24280-2062-4673-9df3-e9a66fb01ea9"
"Sex","F","F","Female",,,,,,,,,,"5cb24280-2062-4673-9df3-e9a66fb01ea9"
"Sex","U","U","Unknown",,,,,,,,,,"5cb24280-2062-4673-9df3-e9a66fb01ea9"
"Sex","M","M","Male",,,,,,,,,,"5cb24280-2062-4673-9df3-e9a66fb01ea9"
"SpeciesCode","dataField","dataField","4-letter American Ornithological Union (AOU) species code of the captured bird","character varying","no",,,"yes",,,,,"2a362e53-1ffd-4fb4-abd6-ce848d886845"
"SpeciesCode","BADE","BADE","Band Destoyed",,,,,,,,,,"2a362e53-1ffd-4fb4-abd6-ce848d886845"
"StateProvince","dataField","dataField","State or province code of capture location","character varying","yes",,,"yes",,,,,"0e7225e9-b244-42cb-904b-083dead8ccdc"
"StateProvince","AK","AK","Alaska, USA",,,,,,,,,,"0e7225e9-b244-42cb-904b-083dead8ccdc"
"StateProvince","WA","WA","Washington, USA",,,,,,,,,,"0e7225e9-b244-42cb-904b-083dead8ccdc"
"StateProvince","NWT","NWT","Northwest Territories, Canada",,,,,,,,,,"0e7225e9-b244-42cb-904b-083dead8ccdc"
"StateProvince","MAN","MAN","Manitoba, Canada",,,,,,,,,,"0e7225e9-b244-42cb-904b-083dead8ccdc"
"StateProvince","QUE","QUE","Quebec, Canada",,,,,,,,,,"0e7225e9-b244-42cb-904b-083dead8ccdc"
"StateProvince","AK","AK","Alaska, USA",,,,,,,,,,"0e7225e9-b244-42cb-904b-083dead8ccdc"
"TagAttachment1","dataField","dataField","Description of how the device is attached to the captured bird","character varying","yes",,,"yes",,,,,
"TagAttachment2","dataField","dataField","Description of how the second device is attached to the captured bird","character varying","yes",,,"yes",,,,,
"TagID1","dataField","dataField","Identification number of the device attached to the captured bird","character varying","yes",,,"yes",,,,,
"TagID2","dataField","dataField","Identification number of the second device attached to the captured bird","character varying","yes",,,"yes",,,,,
"TagMass1_g","dataField","dataField","Mass of the device attached to the captured bird in grams","numeric","yes","grams",,,,,,,
"TagMass2_g","dataField","dataField","Mass of the second device attached to the captured bird in grams","numeric","yes","grams",,,,,,,
"TagStatus1","dataField","dataField","Status of the device attached to the captured bird","character varying","yes",,,"yes",,,,,"052ee212-f574-433c-8728-a75114c980b3"
"TagStatus1","Deployed","Deployed","Bird recaptured without tag, bird released with new tag",,,,,,,,,,"052ee212-f574-433c-8728-a75114c980b3"
"TagStatus1","Removed","Removed","Bird recaptured with tag, bird released without tag",,,,,,,,,,"052ee212-f574-433c-8728-a75114c980b3"
"TagStatus1","Replaced","Replaced","Bird recaptured with tag, bird released with new tag",,,,,,,,,,"052ee212-f574-433c-8728-a75114c980b3"
"TagStatus1","Retained","Retained","Bird recaptured with tag, bird released with same tag",,,,,,,,,,"052ee212-f574-433c-8728-a75114c980b3"
"TagStatus1","Lost","Lost","Bird recaptured without tag when tag was expected (previously deployed and not yet removed)",,,,,,,,,,"052ee212-f574-433c-8728-a75114c980b3"
"TagStatus1","Deployed","Deployed","Bird recaptured without tag, bird released with new tag",,,,,,,,,,"052ee212-f574-433c-8728-a75114c980b3"
"TagStatus2","dataField","dataField","Status of the second device attached to the captured bird","character varying","yes",,,"yes",,,,,"a140282b-491e-4a0a-8ccf-57a89d2ea3ad"
"TagStatus2","Deployed","Deployed","Bird recaptured without tag, bird released with new tag",,,,,,,,,,"a140282b-491e-4a0a-8ccf-57a89d2ea3ad"
"TagStatus2","Removed","Removed","Bird recaptured with tag, bird released without tag",,,,,,,,,,"a140282b-491e-4a0a-8ccf-57a89d2ea3ad"
"TagStatus2","Replaced","Replaced","Bird recaptured with tag, bird released with new tag",,,,,,,,,,"a140282b-491e-4a0a-8ccf-57a89d2ea3ad"
"TagStatus2","Retained","Retained","Bird recaptured with tag, bird released with same tag",,,,,,,,,,"a140282b-491e-4a0a-8ccf-57a89d2ea3ad"
"TagStatus2","Lost","Lost","Bird recaptured without tag when tag was expected (previously deployed and not yet removed)",,,,,,,,,,"a140282b-491e-4a0a-8ccf-57a89d2ea3ad"
"TagStatus2","Deployed","Deployed","Bird recaptured without tag, bird released with new tag",,,,,,,,,,"a140282b-491e-4a0a-8ccf-57a89d2ea3ad"
"TagType1","dataField","dataField","Type of device attached to the captured bird","character varying","yes",,,"yes",,,,,"3dcba50c-a0e9-4dcc-9237-7365b310cb96"
"TagType1","Geo","Geo","Geolocator tag",,,,,,,,,,"3dcba50c-a0e9-4dcc-9237-7365b310cb96"
"TagType1","GPS","GPS","GPS tag",,,,,,,,,,"3dcba50c-a0e9-4dcc-9237-7365b310cb96"
"TagType1","Radio","Radio","Radio tag",,,,,,,,,,"3dcba50c-a0e9-4dcc-9237-7365b310cb96"
"TagType1","Geo","Geo","Geolocator tag",,,,,,,,,,"3dcba50c-a0e9-4dcc-9237-7365b310cb96"
"TagType2","dataField","dataField","Type of second device attached to the captured bird","character varying","yes",,,"yes",,,,,"cba416a1-24ac-42de-a25f-e056afee321b"
"TagType2","Geo","Geo","Geolocator tag",,,,,,,,,,"cba416a1-24ac-42de-a25f-e056afee321b"
"TagType2","GPS","GPS","GPS transmitter",,,,,,,,,,"cba416a1-24ac-42de-a25f-e056afee321b"
"TagType2","Radio","Radio","Radio transmitter",,,,,,,,,,"cba416a1-24ac-42de-a25f-e056afee321b"
"TagType2","Geo","Geo","Geolocator tag",,,,,,,,,,"cba416a1-24ac-42de-a25f-e056afee321b"
"Tail_mm","dataField","dataField","Length of central rectrices on the captured bird in millimeters","numeric","yes","millimeters",,,,,,,
"Tarsus_mm","dataField","dataField","Length of the tarsometatarsus on the captured bird in millimeters","numeric","yes","millimeters",,,,,,,
"TotalHead_mm","dataField","dataField","Length of the head of the captured bird in millimeters; measured from tip of bill to back of head","numeric","yes","millimeters",,,,,,,
"ULIn","dataField","dataField","Upper left leg; combination of bands, flags, and data loggers attached when captured; seperated by '-'","character varying","yes",,,"yes",,,,,"7876d1d3-0f43-450c-893b-d4239de45fb7"
"ULIn","X","X","Metal (Aluminum) federal band",,,,,,,,,,"7876d1d3-0f43-450c-893b-d4239de45fb7"
"ULIn","Bk","Bk","Black colorband",,,,,,,,,,"7876d1d3-0f43-450c-893b-d4239de45fb7"
"ULIn","Br","Br","Brown colorband",,,,,,,,,,"7876d1d3-0f43-450c-893b-d4239de45fb7"
"ULIn","Db","Db","Dark blue colorband",,,,,,,,,,"7876d1d3-0f43-450c-893b-d4239de45fb7"
"ULIn","Dg","Dg","Dark green colorband",,,,,,,,,,"7876d1d3-0f43-450c-893b-d4239de45fb7"
"ULIn","Flag","Flag","Plastic, field-readable flag placed on the bird's leg",,,,,,,,,,"7876d1d3-0f43-450c-893b-d4239de45fb7"
"ULIn","Geo","Geo","Geolocator tag",,,,,,,,,,"7876d1d3-0f43-450c-893b-d4239de45fb7"
"ULIn","Gy","Gy","Gray colorband",,,,,,,,,,"7876d1d3-0f43-450c-893b-d4239de45fb7"
"ULIn","Hp","Hp","Hot pink colorband",,,,,,,,,,"7876d1d3-0f43-450c-893b-d4239de45fb7"
"ULIn","Lb","Lb","Light blue colorband",,,,,,,,,,"7876d1d3-0f43-450c-893b-d4239de45fb7"
"ULIn","Mg","Mg","Magenta colorband",,,,,,,,,,"7876d1d3-0f43-450c-893b-d4239de45fb7"
"ULIn","Mv","Mv","Mauve colorband",,,,,,,,,,"7876d1d3-0f43-450c-893b-d4239de45fb7"
"ULIn","Or","Or","Orange colorband",,,,,,,,,,"7876d1d3-0f43-450c-893b-d4239de45fb7"
"ULIn","Pp","Pp","Purple colorband",,,,,,,,,,"7876d1d3-0f43-450c-893b-d4239de45fb7"
"ULIn","Rd","Rd","Red colorband",,,,,,,,,,"7876d1d3-0f43-450c-893b-d4239de45fb7"
"ULIn","Wh","Wh","White colorband",,,,,,,,,,"7876d1d3-0f43-450c-893b-d4239de45fb7"
"ULIn","Yl","Yl","Yellow colorband",,,,,,,,,,"7876d1d3-0f43-450c-893b-d4239de45fb7"
"ULIn","X","X","Metal (Aluminum) federal band",,,,,,,,,,"7876d1d3-0f43-450c-893b-d4239de45fb7"
"ULOut","dataField","dataField","Upper left leg; combination of bands, flags, and data loggers attached to bird's leg when released; individual attachments seperated by '-'","character varying","yes",,,"yes",,,,,"416a328c-7a87-47c8-b2e3-05ae1b921d31"
"ULOut","X","X","Metal (Aluminum) federal band",,,,,,,,,,"416a328c-7a87-47c8-b2e3-05ae1b921d31"
"ULOut","Bk","Bk","Black colorband",,,,,,,,,,"416a328c-7a87-47c8-b2e3-05ae1b921d31"
"ULOut","Br","Br","Brown colorband",,,,,,,,,,"416a328c-7a87-47c8-b2e3-05ae1b921d31"
"ULOut","Db","Db","Dark blue colorband",,,,,,,,,,"416a328c-7a87-47c8-b2e3-05ae1b921d31"
"ULOut","Dg","Dg","Dark green colorband",,,,,,,,,,"416a328c-7a87-47c8-b2e3-05ae1b921d31"
"ULOut","Flag","Flag","Plastic, field-readable flag placed on the bird's leg",,,,,,,,,,"416a328c-7a87-47c8-b2e3-05ae1b921d31"
"ULOut","Geo","Geo","Geolocator tag",,,,,,,,,,"416a328c-7a87-47c8-b2e3-05ae1b921d31"
"ULOut","Gy","Gy","Gray colorband",,,,,,,,,,"416a328c-7a87-47c8-b2e3-05ae1b921d31"
"ULOut","Hp","Hp","Hot pink colorband",,,,,,,,,,"416a328c-7a87-47c8-b2e3-05ae1b921d31"
"ULOut","Lb","Lb","Light blue colorband",,,,,,,,,,"416a328c-7a87-47c8-b2e3-05ae1b921d31"
"ULOut","Mg","Mg","Magenta colorband",,,,,,,,,,"416a328c-7a87-47c8-b2e3-05ae1b921d31"
"ULOut","Mv","Mv","Mauve colorband",,,,,,,,,,"416a328c-7a87-47c8-b2e3-05ae1b921d31"
"ULOut","Or","Or","Orange colorband",,,,,,,,,,"416a328c-7a87-47c8-b2e3-05ae1b921d31"
"ULOut","Pp","Pp","Purple colorband",,,,,,,,,,"416a328c-7a87-47c8-b2e3-05ae1b921d31"
"ULOut","Rd","Rd","Red colorband",,,,,,,,,,"416a328c-7a87-47c8-b2e3-05ae1b921d31"
"ULOut","Wh","Wh","White colorband",,,,,,,,,,"416a328c-7a87-47c8-b2e3-05ae1b921d31"
"ULOut","Yl","Yl","Yellow colorband",,,,,,,,,,"416a328c-7a87-47c8-b2e3-05ae1b921d31"
"ULOut","X","X","Metal (Aluminum) federal band",,,,,,,,,,"416a328c-7a87-47c8-b2e3-05ae1b921d31"
"URIn","dataField","dataField","Upper right leg; combination of bands, flags, and data loggers attached to bird's leg when captured; individual attachments seperated by '-'","character varying","yes",,,"yes",,,,,"4f72671f-bbb3-4794-bdbe-8038394684f7"
"URIn","X","X","Metal (Aluminum) federal band",,,,,,,,,,"4f72671f-bbb3-4794-bdbe-8038394684f7"
"URIn","Bk","Bk","Black colorband",,,,,,,,,,"4f72671f-bbb3-4794-bdbe-8038394684f7"
"URIn","Br","Br","Brown colorband",,,,,,,,,,"4f72671f-bbb3-4794-bdbe-8038394684f7"
"URIn","Db","Db","Dark blue colorband",,,,,,,,,,"4f72671f-bbb3-4794-bdbe-8038394684f7"
"URIn","Dg","Dg","Dark green colorband",,,,,,,,,,"4f72671f-bbb3-4794-bdbe-8038394684f7"
"URIn","Flag","Flag","Plastic, field-readable flag placed on the bird's leg",,,,,,,,,,"4f72671f-bbb3-4794-bdbe-8038394684f7"
"URIn","Geo","Geo","Geolocator tag",,,,,,,,,,"4f72671f-bbb3-4794-bdbe-8038394684f7"
"URIn","Gy","Gy","Gray colorband",,,,,,,,,,"4f72671f-bbb3-4794-bdbe-8038394684f7"
"URIn","Hp","Hp","Hot pink colorband",,,,,,,,,,"4f72671f-bbb3-4794-bdbe-8038394684f7"
"URIn","Lb","Lb","Light blue colorband",,,,,,,,,,"4f72671f-bbb3-4794-bdbe-8038394684f7"
"URIn","Mg","Mg","Magenta colorband",,,,,,,,,,"4f72671f-bbb3-4794-bdbe-8038394684f7"
"URIn","Mv","Mv","Mauve colorband",,,,,,,,,,"4f72671f-bbb3-4794-bdbe-8038394684f7"
"URIn","Or","Or","Orange colorband",,,,,,,,,,"4f72671f-bbb3-4794-bdbe-8038394684f7"
"URIn","Pp","Pp","Purple colorband",,,,,,,,,,"4f72671f-bbb3-4794-bdbe-8038394684f7"
"URIn","Rd","Rd","Red colorband",,,,,,,,,,"4f72671f-bbb3-4794-bdbe-8038394684f7"
"URIn","Wh","Wh","White colorband",,,,,,,,,,"4f72671f-bbb3-4794-bdbe-8038394684f7"
"URIn","Yl","Yl","Yellow colorband",,,,,,,,,,"4f72671f-bbb3-4794-bdbe-8038394684f7"
"URIn","X","X","Metal (Aluminum) federal band",,,,,,,,,,"4f72671f-bbb3-4794-bdbe-8038394684f7"
"UROut","dataField","dataField","Upper right leg; combination of bands, flags, and data loggers attached to bird's leg when released; individual attachments seperated by '-'","character varying","yes",,,"yes",,,,,"474cdfb7-513f-4bea-9a84-ea61e6bafb1c"
"UROut","X","X","Metal (Aluminum) federal band",,,,,,,,,,"474cdfb7-513f-4bea-9a84-ea61e6bafb1c"
"UROut","Bk","Bk","Black colorband",,,,,,,,,,"474cdfb7-513f-4bea-9a84-ea61e6bafb1c"
"UROut","Br","Br","Brown colorband",,,,,,,,,,"474cdfb7-513f-4bea-9a84-ea61e6bafb1c"
"UROut","Db","Db","Dark blue colorband",,,,,,,,,,"474cdfb7-513f-4bea-9a84-ea61e6bafb1c"
"UROut","Dg","Dg","Dark green colorband",,,,,,,,,,"474cdfb7-513f-4bea-9a84-ea61e6bafb1c"
"UROut","Flag","Flag","Plastic, field-readable flag placed on the bird's leg",,,,,,,,,,"474cdfb7-513f-4bea-9a84-ea61e6bafb1c"
"UROut","Geo","Geo","Geolocator tag",,,,,,,,,,"474cdfb7-513f-4bea-9a84-ea61e6bafb1c"
"UROut","Gy","Gy","Gray colorband",,,,,,,,,,"474cdfb7-513f-4bea-9a84-ea61e6bafb1c"
"UROut","Hp","Hp","Hot pink colorband",,,,,,,,,,"474cdfb7-513f-4bea-9a84-ea61e6bafb1c"
"UROut","Lb","Lb","Light blue colorband",,,,,,,,,,"474cdfb7-513f-4bea-9a84-ea61e6bafb1c"
"UROut","Mg","Mg","Magenta colorband",,,,,,,,,,"474cdfb7-513f-4bea-9a84-ea61e6bafb1c"
"UROut","Mv","Mv","Mauve colorband",,,,,,,,,,"474cdfb7-513f-4bea-9a84-ea61e6bafb1c"
"UROut","Or","Or","Orange colorband",,,,,,,,,,"474cdfb7-513f-4bea-9a84-ea61e6bafb1c"
"UROut","Pp","Pp","Purple colorband",,,,,,,,,,"474cdfb7-513f-4bea-9a84-ea61e6bafb1c"
"UROut","Rd","Rd","Red colorband",,,,,,,,,,"474cdfb7-513f-4bea-9a84-ea61e6bafb1c"
"UROut","Wh","Wh","White colorband",,,,,,,,,,"474cdfb7-513f-4bea-9a84-ea61e6bafb1c"
"UROut","Yl","Yl","Yellow colorband",,,,,,,,,,"474cdfb7-513f-4bea-9a84-ea61e6bafb1c"
"UROut","X","X","Metal (Aluminum) federal band",,,,,,,,,,"474cdfb7-513f-4bea-9a84-ea61e6bafb1c"
"Wing_mm","dataField","dataField","Length of the folded wing of the captured bird in millimeters.","numeric","yes","millimeters",,,,,,,
"Year","dataField","dataField","4-number year of capture; YYYY","year","yes",,,,,,,,
